EMAIL, FISCAL-CODE, NAME+SURNAME, PHONE-NUMBER
vlad@gmail.com, FRNVLD90C15H501Z, Vlad Franciosi, 323 4988760
jeremy@gmail.com, BKTJRY90C15H501Z, Jeremy Bukator, 349 5771104
CIAO@GMAIL.COM,AAA,CIAO,33333333
mario1@gmail.com,AAA,mario,33333333
mario1@gmail.com,AAA,mario,33333333
mario1@gmail.com,AAA,mario,33333333
mario1@gmail.com,AAA,mario,33333333
mario1@gmail.com,AAA,mario,33333333
mario1@gmail.com,AAA,mario,33333333
mario1@gmail.com,AAA,mario,33333333
mario1@gmail.com,AAA,mario,33333333
mario1@gmail.com,AAA,mario,33333333
mario1@gmail.com,AAA,mario,33333333
mario1@gmail.com,AAA,mario,33333333
mario1@gmail.com,aaaaa,mario,33333333
luigi@gmail.com,gFhhHNhuJh,salvo,222222222
luigi@gmail.com,gFhhHNhuJh,salvo,22222
luigi@gmail.com,gFhhHNhuJh,salvo,22222
luigi@gmail.com,gFhhHNhuJh,salvo,22222
luigi@gmail.com,gFhhHNhuJh,salvo,22222
luigi@gmail.com,gFhhHNhuJh,salvo,22222
luigi@gmail.com,gFhhHNhuJh,salvo,22222
luigi@gmail.com,gFhhHNhuJh,salvo,22222
luigi@gmail.com,gFhhHNhuJh,salvo,22222
luigi@gmail.com,gFhhHNhuJh,salvo,22222
luigi@gmail.com,gFhhHNhuJh,salvo,22222
luigi@gmail.com,gFhhHNhuJh,salvo,22222
luigi@gmail.com,gFhhHNhuJh,salvo,22222
luigi@gmail.com,gFhhHNhuJh,salvo,22222
luigi@gmail.com,gFhhHNhuJh,salvo,22222
luigi@gmail.com,gFhhHNhuJh,salvo,22222
luigi@gmail.com,gFhhHNhuJh,salvo,22222
luigi@gmail.com,gFhhHNhuJh,salvo,22222
luigi@gmail.com,gFhhHNhuJh,salvo,22222
luigi@gmail.com,gFhhHNhuJh,salvo,22222
